SaleID,VehicleID,DealershipID,SaleDate,SaleAmount
S001,V001,D001,2025-02-20,195000
S002,V002,D001,2025-02-21,370000
S003,V003,D003,2025-02-22,180000
S004,V004,D004,2025-02-25,435000
S005,V005,D002,2025-02-28,360000
S006,V006,D001,2025-03-05,415000
S007,V007,D004,2025-03-10,145000
S008,V008,D005,2025-03-15,350000
S009,V009,D003,2025-03-18,345000
S010,V010,D002,2025-03-20,105000
