DealershipID,DealershipName,Region
D001,AutoSmart Johannesburg,Gauteng
D002,AutoSmart Pretoria,Gauteng
D003,AutoSmart Cape Town,Western Cape
D004,AutoSmart Durban,KZN
D005,AutoSmart Bloemfontein,Free State
